{"name": "Pure Python (Pypy)", "array_shapes": [100, 144, 225, 324, 400, 1225, 2500, 10000, 40000, 250000, 640000, 1000000, 2250000, 4000000, 9998244], "times": [0.0009124040603637696, 0.0001406550407409668, 4.354715347290039e-05, 6.0498714447021484e-05, 7.7056884765625e-05, 0.00022325515747070312, 0.00048100948333740234, 0.0019387483596801757, 0.007676851749420166, 0.05032559633255005, 0.12930535078048705, 0.19873520135879516, 0.4509605884552002, 0.800031304359436, 1.97504460811615]}